ts	cpu	mem	net_io	block_io	pids	main_pid	fd_count	tcp_inuse	tcp_tw	tcp_alloc	tcp_mem	listen_overflows	listen_drops	tcp_retrans_segs	softirq_net_rx	softirq_net_tx
1775690530	0.00%	222.4MiB / 3.884GiB	659MB / 628MB	3.4GB / 2.58GB	63	28310	84	58	1	212	0	0	0	9	96259733	17915
1775690535	0.00%	215.8MiB / 3.884GiB	659MB / 628MB	3.4GB / 2.58GB	61	28310	84	56	1	212	0	0	0	9	96264276	17919
1775690541	0.00%	217.5MiB / 3.884GiB	659MB / 628MB	3.4GB / 2.58GB	61	28310	84	56	1	209	0	0	0	9	96269838	17923
1775690547	0.00%	208.6MiB / 3.884GiB	659MB / 628MB	3.4GB / 2.58GB	58	28310	84	53	1	204	0	0	0	9	96276166	17925
1775690553	173.84%	226.5MiB / 3.884GiB	668MB / 635MB	3.4GB / 2.59GB	66	28294	86	62	1	256	883	0	0	9	96690520	17950
1775690562	160.82%	219.2MiB / 3.884GiB	694MB / 654MB	3.4GB / 2.61GB	67	28294	87	62	1	309	1145	0	0	9	97251583	17967
1775690570	155.89%	221.3MiB / 3.884GiB	722MB / 675MB	3.4GB / 2.63GB	67	28294	87	62	1	338	1150	0	0	9	97769542	17986
1775690578	148.43%	223.7MiB / 3.884GiB	747MB / 694MB	3.4GB / 2.65GB	67	28310	88	62	0	377	643	0	0	9	98250082	18006
1775690585	180.28%	224.8MiB / 3.884GiB	770MB / 710MB	3.4GB / 2.67GB	67	28294	86	62	0	420	1163	0	0	9	98685756	18017
1775690592	171.09%	225.3MiB / 3.884GiB	795MB / 729MB	3.4GB / 2.69GB	67	28310	87	62	0	452	1167	0	0	9	99222655	18036
1775690600	164.36%	227.7MiB / 3.884GiB	823MB / 750MB	3.4GB / 2.71GB	67	28310	88	62	0	503	1170	0	0	9	99793914	18057
1775690609	137.21%	236.6MiB / 3.884GiB	849MB / 768MB	3.4GB / 2.73GB	67	28310	88	62	0	539	1173	0	0	9	100271503	18070
1775690618	138.14%	237.8MiB / 3.884GiB	872MB / 786MB	3.4GB / 2.74GB	67	28310	88	62	0	514	1180	0	0	9	100718100	18084
1775690625	170.15%	238MiB / 3.884GiB	894MB / 802MB	3.4GB / 2.76GB	67	28310	88	62	0	482	925	0	0	9	101138263	18103
1775690633	141.33%	239.3MiB / 3.884GiB	918MB / 819MB	3.4GB / 2.78GB	67	28310	88	62	0	445	1189	0	0	9	101571627	18117
1775690640	127.44%	240.1MiB / 3.884GiB	939MB / 835MB	3.4GB / 2.79GB	67	28294	86	62	0	399	682	0	0	9	102021643	18149
1775690647	115.26%	233MiB / 3.884GiB	960MB / 851MB	3.4GB / 2.81GB	67	28294	86	62	0	322	1199	0	0	9	102426353	18164
1775690653	7.82%	236.7MiB / 3.884GiB	975MB / 862MB	3.4GB / 2.82GB	69	28310	87	62	0	212	692	0	0	9	102502225	18165
1775690659	0.02%	233.4MiB / 3.884GiB	975MB / 862MB	3.4GB / 2.82GB	67	28310	87	62	0	227	436	0	0	9	102506558	18172
1775690665	3.99%	234.3MiB / 3.884GiB	975MB / 862MB	3.4GB / 2.82GB	67	28310	87	62	0	227	180	0	0	9	102511215	18179
1775690671	0.01%	233.9MiB / 3.884GiB	975MB / 862MB	3.4GB / 2.82GB	67	28310	87	62	0	227	0	0	0	9	102515967	18180
1775690677	0.00%	234.6MiB / 3.884GiB	975MB / 862MB	3.4GB / 2.82GB	67	28310	87	62	0	226	0	0	0	9	102520456	18190
1775690684	5.29%	234.6MiB / 3.884GiB	975MB / 862MB	3.4GB / 2.82GB	67	28310	87	62	0	225	0	0	0	9	102524998	18200
1775690689	0.00%	234MiB / 3.884GiB	975MB / 862MB	3.4GB / 2.82GB	67	28310	87	62	0	218	0	0	0	9	102529718	18207
1775690695	0.00%	240.8MiB / 3.884GiB	975MB / 862MB	3.41GB / 2.82GB	67	28310	87	62	0	228	0	0	0	9	102534478	18213
1775690701	0.00%	240.9MiB / 3.884GiB	975MB / 862MB	3.41GB / 2.82GB	67	28310	87	62	0	225	0	0	0	9	102538673	18221
1775690705	0.01%	241MiB / 3.884GiB	975MB / 862MB	3.41GB / 2.82GB	67	28310	87	62	0	215	0	0	0	9	102542747	18225
1775690710	0.01%	241.2MiB / 3.884GiB	975MB / 862MB	3.41GB / 2.82GB	67	28310	87	62	0	221	0	0	0	9	102548386	18227
1775690716	0.16%	241.3MiB / 3.884GiB	975MB / 862MB	3.41GB / 2.82GB	67	28310	87	62	0	220	0	0	0	9	102553358	18233
1775690721	0.00%	241.3MiB / 3.884GiB	975MB / 862MB	3.41GB / 2.82GB	67	28310	87	62	0	218	0	0	0	9	102557981	18244
1775690727	0.00%	241.7MiB / 3.884GiB	975MB / 862MB	3.41GB / 2.82GB	67	28294	86	62	0	219	0	0	0	9	102562797	18248
1775690733	0.00%	241.7MiB / 3.884GiB	975MB / 862MB	3.41GB / 2.82GB	67	28294	86	62	0	217	0	0	0	9	102567699	18256
1775690738	0.03%	236.3MiB / 3.884GiB	975MB / 862MB	3.41GB / 2.82GB	67	28310	84	62	0	219	0	0	0	9	102572704	18264
1775690744	3.95%	236.9MiB / 3.884GiB	975MB / 862MB	3.41GB / 2.82GB	67	28310	84	62	0	229	0	0	0	9	102577026	18271
1775690751	0.00%	236.4MiB / 3.884GiB	975MB / 862MB	3.41GB / 2.82GB	67	28310	84	62	0	228	0	0	0	9	102581391	18275
1775690758	0.02%	236.6MiB / 3.884GiB	975MB / 862MB	3.41GB / 2.82GB	67	28310	84	62	0	221	0	0	0	9	102585776	18280
1775690764	2.82%	236.7MiB / 3.884GiB	975MB / 862MB	3.41GB / 2.82GB	67	28310	84	62	0	217	0	0	0	9	102590707	18290
1775690769	0.00%	236.7MiB / 3.884GiB	975MB / 862MB	3.41GB / 2.82GB	67	28310	84	62	0	223	0	0	0	9	102595414	18291
1775690774	1.96%	236.7MiB / 3.884GiB	975MB / 862MB	3.41GB / 2.82GB	67	28310	84	62	0	225	0	0	0	9	102600855	18303
1775690780	0.30%	235.9MiB / 3.884GiB	975MB / 862MB	3.41GB / 2.82GB	67	28310	84	62	0	224	0	0	0	9	102605479	18312
1775690785	5.03%	243MiB / 3.884GiB	975MB / 862MB	3.42GB / 2.82GB	67	28310	84	62	0	223	0	0	0	9	102609729	18319
1775690790	0.00%	242.2MiB / 3.884GiB	975MB / 862MB	3.42GB / 2.82GB	67	28310	84	62	0	225	0	0	0	9	102614599	18330
1775690797	0.00%	242.6MiB / 3.884GiB	975MB / 862MB	3.42GB / 2.82GB	67	28310	84	62	0	227	0	0	0	9	102619278	18337
1775690803	1.14%	242.9MiB / 3.884GiB	975MB / 862MB	3.42GB / 2.82GB	67	28310	84	62	0	212	0	0	0	9	102623965	18344
1775690809	0.01%	242.9MiB / 3.884GiB	975MB / 862MB	3.42GB / 2.82GB	67	28310	84	62	0	213	0	0	0	9	102628509	18344
1775690814	2.19%	242.9MiB / 3.884GiB	975MB / 862MB	3.42GB / 2.82GB	67	28310	84	62	0	210	0	0	0	9	102633844	18344
1775690820	0.53%	242.9MiB / 3.884GiB	975MB / 862MB	3.42GB / 2.82GB	67	28310	84	62	0	214	0	0	0	9	102638444	18351
1775690825	1.97%	238MiB / 3.884GiB	975MB / 862MB	3.42GB / 2.82GB	67	28310	84	62	0	215	0	0	0	9	102642893	18359
1775690830	0.00%	237.6MiB / 3.884GiB	975MB / 862MB	3.42GB / 2.82GB	67	28310	84	62	0	216	0	0	0	9	102647410	18367
1775690835	2.80%	238MiB / 3.884GiB	975MB / 862MB	3.42GB / 2.82GB	67	28310	84	62	0	211	0	0	0	9	102650501	18374
1775690838	0.00%	237.6MiB / 3.884GiB	975MB / 862MB	3.42GB / 2.82GB	67	28310	84	62	0	227	0	0	0	9	102654941	18374
1775690842	0.00%	237.6MiB / 3.884GiB	975MB / 862MB	3.42GB / 2.82GB	67	28310	84	62	0	215	0	0	0	9	102658744	18386
1775690847	0.00%	237.7MiB / 3.884GiB	975MB / 862MB	3.42GB / 2.82GB	67	28310	84	62	0	220	0	0	0	9	102663872	18391
1775690853	0.00%	237.7MiB / 3.884GiB	975MB / 862MB	3.42GB / 2.82GB	67	28310	84	62	0	223	0	0	0	9	102668645	18399
1775690859	0.01%	237.8MiB / 3.884GiB	975MB / 862MB	3.42GB / 2.82GB	67	28310	84	62	0	222	0	0	0	9	102672884	18409
1775690865	2.36%	238.3MiB / 3.884GiB	975MB / 862MB	3.42GB / 2.82GB	67	28310	84	62	0	218	0	0	0	9	102678028	18415
1775690872	0.00%	237.2MiB / 3.884GiB	975MB / 862MB	3.42GB / 2.82GB	67	28310	84	62	0	228	0	0	0	9	102682440	18415
1775690877	0.01%	244.2MiB / 3.884GiB	975MB / 862MB	3.43GB / 2.82GB	67	28310	84	62	0	225	0	0	0	9	102687007	18424
1775690882	0.00%	244MiB / 3.884GiB	975MB / 862MB	3.43GB / 2.82GB	67	28310	84	62	0	223	0	0	0	9	102691637	18432
1775690887	0.01%	244MiB / 3.884GiB	975MB / 862MB	3.43GB / 2.82GB	67	28310	84	62	0	227	0	0	0	9	102695954	18440
1775690892	0.00%	244MiB / 3.884GiB	975MB / 862MB	3.43GB / 2.82GB	67	28310	84	62	0	225	0	0	0	9	102700571	18443
1775690898	0.00%	244.2MiB / 3.884GiB	975MB / 862MB	3.43GB / 2.82GB	67	28310	84	62	0	217	0	0	0	9	102705614	18444
1775690903	0.70%	244.4MiB / 3.884GiB	975MB / 862MB	3.43GB / 2.82GB	67	28310	84	62	0	223	0	0	0	9	102710492	18451
1775690909	0.00%	244.4MiB / 3.884GiB	975MB / 862MB	3.43GB / 2.82GB	67	28310	84	62	0	225	0	0	0	9	102715176	18456
1775690915	0.00%	238.8MiB / 3.884GiB	975MB / 862MB	3.43GB / 2.82GB	67	28310	84	62	0	217	0	0	0	9	102720113	18462
1775690921	0.00%	239.2MiB / 3.884GiB	975MB / 862MB	3.43GB / 2.82GB	67	28310	84	62	0	219	0	0	0	9	102724866	18464
1775690928	0.01%	238.8MiB / 3.884GiB	975MB / 862MB	3.43GB / 2.82GB	67	28310	84	62	0	224	0	0	0	9	102729834	18469
1775690933	0.00%	238.8MiB / 3.884GiB	975MB / 862MB	3.43GB / 2.82GB	67	28310	84	62	0	208	0	0	0	9	102734432	18473
1775690938	0.01%	238.8MiB / 3.884GiB	975MB / 862MB	3.43GB / 2.82GB	67	28310	84	62	0	213	0	0	0	9	102738771	18476
1775690942	0.00%	238.8MiB / 3.884GiB	975MB / 862MB	3.43GB / 2.82GB	67	28310	84	62	0	215	0	0	0	9	102743175	18477
1775690947	0.00%	238.8MiB / 3.884GiB	975MB / 862MB	3.43GB / 2.82GB	67	28310	84	62	0	216	0	0	0	9	102748145	18483
1775690952	0.00%	238.8MiB / 3.884GiB	975MB / 862MB	3.43GB / 2.82GB	67	28310	84	62	0	215	0	0	0	9	102752261	18489
1775690956	0.16%	236.2MiB / 3.884GiB	975MB / 862MB	3.43GB / 2.82GB	66	28310	84	61	0	215	0	0	0	9	102756851	18489
1775690960	1.32%	234.4MiB / 3.884GiB	975MB / 862MB	3.43GB / 2.82GB	66	28310	84	61	0	215	0	0	0	9	102761169	18493
1775690964	1.07%	220.9MiB / 3.884GiB	975MB / 862MB	3.43GB / 2.82GB	62	28294	83	57	0	203	0	0	0	9	102765906	18494
1775690968	0.00%	227.6MiB / 3.884GiB	975MB / 862MB	3.43GB / 2.82GB	62	28294	83	57	0	203	0	0	0	9	102770125	18498
1775690973	1.05%	224.7MiB / 3.884GiB	975MB / 862MB	3.43GB / 2.82GB	61	28291	80	54	0	192	0	0	0	9	102774789	18502
1775690978	0.00%	217.6MiB / 3.884GiB	975MB / 862MB	3.43GB / 2.82GB	59	28291	80	54	0	207	0	0	0	9	102779097	18507
1775690983	0.00%	217.6MiB / 3.884GiB	975MB / 862MB	3.43GB / 2.82GB	59	28325	80	47	0	193	0	0	0	9	102783876	18508
1775690990	0.04%	194.1MiB / 3.884GiB	975MB / 862MB	3.43GB / 2.82GB	52	28325	80	47	0	188	0	0	0	9	102788263	18522
1775690996	4.06%	184.1MiB / 3.884GiB	975MB / 862MB	3.43GB / 2.82GB	49	28321	78	44	0	184	0	0	0	9	102793498	18527
1775691002	0.00%	184.1MiB / 3.884GiB	975MB / 862MB	3.43GB / 2.82GB	49	28321	78	44	0	188	0	0	0	9	102797990	18535
1775691007	0.00%	168.3MiB / 3.884GiB	975MB / 862MB	3.43GB / 2.82GB	46	28359	76	41	0	184	0	0	0	9	102803055	18544
1775691013	0.00%	168.3MiB / 3.884GiB	975MB / 862MB	3.43GB / 2.82GB	46	28359	76	41	0	182	0	0	0	9	102807161	18552
1775691018	0.00%	168.3MiB / 3.884GiB	975MB / 862MB	3.43GB / 2.82GB	46	28359	76	41	0	185	0	0	0	9	102811917	18554
1775691024	1.20%	168.3MiB / 3.884GiB	975MB / 862MB	3.44GB / 2.82GB	46	28359	76	41	0	188	0	0	0	9	102816558	18559
1775691029	0.01%	168.3MiB / 3.884GiB	975MB / 862MB	3.44GB / 2.82GB	46	28359	76	41	0	185	0	0	0	9	102821238	18566
1775691035	3.42%	165.7MiB / 3.884GiB	975MB / 862MB	3.44GB / 2.82GB	45	28704	68	40	0	179	0	0	0	9	102825737	18567
1775691042	0.00%	164.9MiB / 3.884GiB	976MB / 862MB	3.44GB / 2.82GB	45	28704	68	40	0	179	0	0	0	9	102830153	18572
1775691048	0.00%	167.1MiB / 3.884GiB	976MB / 862MB	3.44GB / 2.82GB	45	28704	68	40	0	180	0	0	0	9	102834234	18574
1775691053	0.00%	164.3MiB / 3.884GiB	976MB / 862MB	3.44GB / 2.82GB	45	28704	68	40	0	185	0	0	0	9	102837896	18583
1775691058	0.01%	171.8MiB / 3.884GiB	976MB / 862MB	3.44GB / 2.82GB	45	28704	68	40	0	174	0	0	0	9	102842312	18593
1775691063	0.00%	171.1MiB / 3.884GiB	976MB / 862MB	3.44GB / 2.82GB	45	28704	68	40	0	177	0	0	0	9	102846468	18595
1775691068	0.00%	173MiB / 3.884GiB	976MB / 862MB	3.45GB / 2.82GB	45	28704	68	40	0	176	0	0	0	9	102851055	18601
1775691073	0.00%	173MiB / 3.884GiB	976MB / 862MB	3.45GB / 2.82GB	45	28704	68	40	0	183	0	0	0	9	102855591	18609
1775691079	0.00%	173.3MiB / 3.884GiB	976MB / 862MB	3.45GB / 2.82GB	45	28704	68	40	0	184	0	0	0	9	102859947	18611
1775691084	1.52%	173.5MiB / 3.884GiB	976MB / 862MB	3.45GB / 2.82GB	45	28704	68	40	0	187	0	0	0	9	102863800	18618
1775691089	0.00%	173.4MiB / 3.884GiB	976MB / 862MB	3.45GB / 2.82GB	45	28704	68	40	0	179	0	0	0	9	102868816	18622
1775691095	0.00%	166.2MiB / 3.884GiB	976MB / 862MB	3.45GB / 2.82GB	45	28704	68	40	0	186	0	0	0	9	102873468	18623
1775691101	0.04%	166.2MiB / 3.884GiB	976MB / 862MB	3.45GB / 2.82GB	45	28704	68	40	0	175	0	0	0	9	102878141	18629
1775691109	0.00%	166.2MiB / 3.884GiB	976MB / 862MB	3.45GB / 2.82GB	45	28704	68	40	0	178	0	0	0	9	102882752	18634
1775691114	0.00%	166.2MiB / 3.884GiB	976MB / 862MB	3.45GB / 2.82GB	45	28704	68	40	0	172	0	0	0	9	102888468	18635
1775691121	0.00%	166.2MiB / 3.884GiB	976MB / 862MB	3.45GB / 2.82GB	45	28704	68	40	0	174	0	0	0	9	102893852	18639
1775691126	3.03%	166.6MiB / 3.884GiB	976MB / 862MB	3.45GB / 2.82GB	45	28704	68	40	0	182	0	0	0	9	102898400	18648
1775691131	0.00%	166.2MiB / 3.884GiB	976MB / 862MB	3.45GB / 2.82GB	45	28704	68	40	0	168	0	0	0	9	102903106	18648
1775691136	2.34%	166.4MiB / 3.884GiB	976MB / 862MB	3.45GB / 2.82GB	45	28704	68	40	0	177	0	0	0	9	102907707	18653
1775691141	0.00%	165MiB / 3.884GiB	976MB / 862MB	3.45GB / 2.82GB	45	28704	68	40	0	176	0	0	0	9	102912030	18658
1775691146	4.51%	172.6MiB / 3.884GiB	976MB / 862MB	3.45GB / 2.82GB	45	28704	68	40	0	174	0	0	0	9	102917057	18663
1775691151	0.00%	171.7MiB / 3.884GiB	976MB / 862MB	3.45GB / 2.82GB	45	28704	68	40	0	172	0	0	0	9	102922226	18667
1775691156	6.09%	172.5MiB / 3.884GiB	976MB / 862MB	3.45GB / 2.82GB	45	28704	68	40	0	177	0	0	0	9	102926839	18676
1775691162	0.00%	171.7MiB / 3.884GiB	976MB / 862MB	3.45GB / 2.82GB	45	28704	68	40	0	178	0	0	0	9	102930854	18687
1775691166	0.00%	171.7MiB / 3.884GiB	976MB / 862MB	3.45GB / 2.82GB	45	28704	68	40	0	165	0	0	0	9	102934030	18697
1775691169	0.05%	171.7MiB / 3.884GiB	976MB / 862MB	3.45GB / 2.82GB	45	28704	68	40	0	177	0	0	0	9	102938578	18697
1775691174	0.98%	171.7MiB / 3.884GiB	976MB / 862MB	3.45GB / 2.82GB	45	28704	68	40	0	175	0	0	0	9	102942929	18698
1775691179	0.00%	171.7MiB / 3.884GiB	976MB / 862MB	3.45GB / 2.82GB	45	28704	68	40	0	171	0	0	0	9	102947619	18705
1775691184	0.66%	171.7MiB / 3.884GiB	976MB / 862MB	3.45GB / 2.82GB	45	28704	68	40	0	180	0	0	0	9	102951773	18708
1775691188	0.00%	165.3MiB / 3.884GiB	976MB / 862MB	3.45GB / 2.82GB	45	28704	68	40	0	178	0	0	0	9	102956229	18714
1775691192	0.00%	165.3MiB / 3.884GiB	976MB / 862MB	3.45GB / 2.82GB	45	28704	68	40	0	176	0	0	0	9	102960501	18714
1775691196	0.24%	168.7MiB / 3.884GiB	976MB / 862MB	3.46GB / 2.82GB	45	28704	68	40	0	177	0	0	0	9	102964766	18720
1775691200	0.51%	169MiB / 3.884GiB	976MB / 862MB	3.46GB / 2.82GB	45	28704	68	40	0	175	0	0	0	9	102969083	18727
1775691204	0.58%	168.7MiB / 3.884GiB	976MB / 862MB	3.46GB / 2.82GB	45	28704	68	40	0	176	0	0	0	9	102973097	18731
1775691208	0.00%	168.7MiB / 3.884GiB	976MB / 862MB	3.46GB / 2.82GB	45	28704	68	40	0	180	0	0	0	9	102977464	18735
1775691213	1.33%	168.7MiB / 3.884GiB	976MB / 862MB	3.46GB / 2.82GB	45	28704	68	40	0	176	0	0	0	9	102982969	18737
1775691219	0.71%	169MiB / 3.884GiB	976MB / 862MB	3.46GB / 2.82GB	45	28704	68	40	0	170	0	0	0	9	102987470	18737
1775691225	0.02%	168.7MiB / 3.884GiB	976MB / 862MB	3.46GB / 2.82GB	45	28704	68	40	0	176	0	0	0	9	102992013	18741
1775691231	0.00%	165.9MiB / 3.884GiB	976MB / 862MB	3.46GB / 2.82GB	45	28704	68	40	0	179	0	0	0	9	102996879	18749
1775691236	7.85%	173MiB / 3.884GiB	976MB / 862MB	3.46GB / 2.82GB	45	105815	69	40	0	175	0	0	0	9	103001826	18757
1775691241	0.00%	172.8MiB / 3.884GiB	976MB / 862MB	3.46GB / 2.82GB	45	105815	69	40	0	183	0	0	0	9	103006515	18766
1775691247	1.96%	173.9MiB / 3.884GiB	976MB / 862MB	3.46GB / 2.82GB	45	105815	69	40	0	186	0	0	0	9	103010929	18769
1775691252	0.00%	172.9MiB / 3.884GiB	976MB / 862MB	3.46GB / 2.82GB	45	105815	69	40	0	183	0	0	0	9	103014525	18770
1775691256	0.30%	172.9MiB / 3.884GiB	976MB / 862MB	3.46GB / 2.82GB	45	105815	69	40	0	168	0	0	0	9	103017003	18770
1775691259	0.00%	172.9MiB / 3.884GiB	976MB / 862MB	3.46GB / 2.82GB	45	105815	69	40	0	159	0	0	0	9	103020960	18778
1775691263	0.00%	172.9MiB / 3.884GiB	976MB / 862MB	3.46GB / 2.82GB	45	105815	69	40	0	174	0	0	0	9	103025334	18782
1775691267	2.39%	173.4MiB / 3.884GiB	976MB / 862MB	3.46GB / 2.82GB	45	105815	69	40	0	179	0	0	0	9	103029133	18786
1775691273	0.00%	172.9MiB / 3.884GiB	976MB / 862MB	3.46GB / 2.82GB	45	105815	69	40	0	179	0	0	0	9	103033977	18787
1775691279	0.00%	167.2MiB / 3.884GiB	976MB / 862MB	3.46GB / 2.82GB	45	105815	69	40	0	182	0	0	0	9	103038450	18799
1775691285	0.01%	166.7MiB / 3.884GiB	976MB / 862MB	3.46GB / 2.82GB	45	105815	69	40	0	182	0	0	0	9	103043139	18799
1775691291	0.00%	166.7MiB / 3.884GiB	976MB / 862MB	3.46GB / 2.82GB	45	105815	69	40	0	179	0	0	0	9	103047601	18803
1775691297	3.31%	167.1MiB / 3.884GiB	976MB / 862MB	3.46GB / 2.82GB	45	105815	69	40	0	181	0	0	0	9	103051940	18809
1775691303	1.01%	166.8MiB / 3.884GiB	976MB / 862MB	3.46GB / 2.82GB	45	105815	69	40	0	176	0	0	0	9	103056550	18812
1775691310	0.00%	166.8MiB / 3.884GiB	976MB / 862MB	3.46GB / 2.82GB	45	105815	69	40	0	181	0	0	0	9	103060819	18817
1775691315	0.00%	166.8MiB / 3.884GiB	976MB / 862MB	3.46GB / 2.82GB	45	105815	69	40	0	179	0	0	0	9	103065582	18821
1775691321	0.00%	165.3MiB / 3.884GiB	976MB / 862MB	3.46GB / 2.82GB	45	105815	69	40	0	180	0	0	0	9	103070270	18822
1775691327	2.90%	165.3MiB / 3.884GiB	976MB / 862MB	3.46GB / 2.82GB	45	105815	69	40	0	185	0	0	0	9	103074515	18826
1775691332	0.00%	172.1MiB / 3.884GiB	976MB / 862MB	3.47GB / 2.82GB	45	105815	69	40	0	179	0	0	0	9	103078966	18826
1775691338	0.00%	172.1MiB / 3.884GiB	976MB / 862MB	3.47GB / 2.82GB	45	105815	69	40	0	170	0	0	0	9	103083282	18826
1775691344	1.26%	172.1MiB / 3.884GiB	976MB / 862MB	3.47GB / 2.82GB	45	105815	69	40	0	171	0	0	0	9	103087805	18835
1775691349	0.00%	172.1MiB / 3.884GiB	976MB / 862MB	3.47GB / 2.82GB	45	105815	69	40	0	176	0	0	0	9	103092170	18841
1775691354	1.08%	172.1MiB / 3.884GiB	976MB / 862MB	3.47GB / 2.82GB	45	105815	69	40	0	173	0	0	0	9	103096619	18844
1775691359	0.44%	172.1MiB / 3.884GiB	976MB / 862MB	3.47GB / 2.82GB	45	105815	69	40	0	169	0	0	0	9	103101611	18847
1775691365	0.01%	165.3MiB / 3.884GiB	976MB / 862MB	3.47GB / 2.82GB	45	105815	69	40	0	170	0	0	0	9	103105473	18847
1775691369	0.00%	165.3MiB / 3.884GiB	976MB / 862MB	3.47GB / 2.82GB	45	105815	69	40	0	170	0	0	0	9	103110020	18847
1775691374	0.63%	165.3MiB / 3.884GiB	976MB / 862MB	3.47GB / 2.82GB	45	105815	69	40	0	169	0	0	0	9	103114163	18858
1775691377	2.21%	165.3MiB / 3.884GiB	976MB / 862MB	3.47GB / 2.82GB	45	105815	69	40	0	183	0	0	0	9	103118864	18864
1775691382	0.00%	165.3MiB / 3.884GiB	976MB / 862MB	3.47GB / 2.82GB	45	105815	69	40	0	179	0	0	0	9	103122644	18871
1775691387	1.66%	165.3MiB / 3.884GiB	976MB / 862MB	3.47GB / 2.82GB	45	105815	69	40	0	183	0	0	0	9	103127974	18880
1775691393	0.00%	165.3MiB / 3.884GiB	976MB / 862MB	3.47GB / 2.82GB	45	105815	69	40	0	180	0	0	0	9	103132957	18885
1775691399	1.54%	165.7MiB / 3.884GiB	976MB / 862MB	3.47GB / 2.82GB	45	105815	69	40	0	173	0	0	0	9	103138062	18886
1775691405	0.00%	143.4MiB / 3.884GiB	976MB / 862MB	3.47GB / 2.82GB	38	105815	69	33	0	168	0	0	0	9	103142784	18891
1775691412	0.00%	142.6MiB / 3.884GiB	976MB / 862MB	3.47GB / 2.82GB	38	105815	69	24	1	140	0	0	0	9	103147326	18891
1775691418	0.02%	113.4MiB / 3.884GiB	976MB / 862MB	3.47GB / 2.82GB	29	105815	69	24	1	146	0	0	0	9	103152239	18896
1775691423	1.26%	113.8MiB / 3.884GiB	976MB / 862MB	3.48GB / 2.82GB	27	105815	69	22	1	144	0	0	0	9	103157519	18900
1775691429	0.01%	113.6MiB / 3.884GiB	976MB / 862MB	3.48GB / 2.82GB	27	105815	69	22	1	147	0	0	0	9	103162537	18908
1775691435	0.00%	113.6MiB / 3.884GiB	976MB / 862MB	3.48GB / 2.82GB	27	105815	69	22	1	132	0	0	0	9	103167445	18909
1775691440	0.30%	113.6MiB / 3.884GiB	976MB / 862MB	3.48GB / 2.82GB	27	105815	69	22	1	145	0	0	0	9	103171540	18910
1775691445	0.00%	113.6MiB / 3.884GiB	976MB / 862MB	3.48GB / 2.82GB	27	105815	69	22	1	141	0	0	0	9	103176487	18911
1775691450	0.00%	113.6MiB / 3.884GiB	976MB / 862MB	3.48GB / 2.82GB	27	105815	69	22	1	134	0	0	0	9	103181276	18911
1775691455	0.21%	106.9MiB / 3.884GiB	976MB / 862MB	3.48GB / 2.82GB	27	105815	69	22	1	136	0	0	0	9	103186124	18911
1775691460	0.00%	106.9MiB / 3.884GiB	976MB / 862MB	3.48GB / 2.82GB	27	105815	69	22	1	132	0	0	0	9	103190846	18911
1775691465	1.08%	106.9MiB / 3.884GiB	976MB / 862MB	3.48GB / 2.82GB	27	105815	69	22	1	132	0	0	0	9	103195635	18911
1775691471	0.00%	106.9MiB / 3.884GiB	976MB / 862MB	3.48GB / 2.82GB	27	105815	69	22	1	134	0	0	0	9	103200313	18911
1775691476	0.88%	110.8MiB / 3.884GiB	976MB / 862MB	3.48GB / 2.82GB	27	105815	69	22	0	133	0	0	0	9	103204946	18913
1775691480	0.32%	110.8MiB / 3.884GiB	976MB / 862MB	3.48GB / 2.82GB	27	105815	69	22	0	141	0	0	0	9	103209718	18917
1775691486	0.00%	110.8MiB / 3.884GiB	976MB / 862MB	3.48GB / 2.82GB	27	105815	69	22	0	140	0	0	0	9	103214315	18921
1775691491	0.00%	110.8MiB / 3.884GiB	976MB / 862MB	3.48GB / 2.82GB	27	105815	69	22	0	143	0	0	0	9	103218355	18922
1775691495	0.43%	110.9MiB / 3.884GiB	976MB / 862MB	3.48GB / 2.82GB	27	105815	69	22	0	139	0	0	0	9	103223921	18926
1775691501	0.00%	107.1MiB / 3.884GiB	976MB / 862MB	3.49GB / 2.82GB	27	105815	69	22	0	142	0	0	0	9	103229038	18930
1775691507	0.00%	107.1MiB / 3.884GiB	976MB / 862MB	3.49GB / 2.82GB	27	105815	69	22	0	140	0	0	0	9	103234454	18933
1775691512	0.00%	113.9MiB / 3.884GiB	976MB / 862MB	3.49GB / 2.82GB	27	105815	69	22	0	135	0	0	0	9	103239108	18933
1775691516	0.00%	113.9MiB / 3.884GiB	976MB / 862MB	3.49GB / 2.82GB	27	105815	69	22	0	134	0	0	0	9	103243589	18938
1775691521	0.00%	113.9MiB / 3.884GiB	976MB / 862MB	3.49GB / 2.82GB	27	105815	69	22	0	136	0	0	0	9	103247730	18948
1775691525	0.70%	113.9MiB / 3.884GiB	976MB / 862MB	3.49GB / 2.82GB	27	105815	69	22	0	135	0	0	0	9	103252557	18953
1775691530	0.05%	113.9MiB / 3.884GiB	976MB / 862MB	3.49GB / 2.82GB	27	105815	69	22	0	131	0	0	0	9	103256940	18956
1775691534	0.01%	113.9MiB / 3.884GiB	976MB / 862MB	3.49GB / 2.82GB	27	105815	69	22	0	147	0	0	0	9	103261633	18961
1775691540	0.78%	113.9MiB / 3.884GiB	976MB / 862MB	3.49GB / 2.82GB	27	105815	69	22	0	137	0	0	0	9	103266029	18961
1775691545	0.25%	113.9MiB / 3.884GiB	976MB / 862MB	3.49GB / 2.82GB	27	105815	69	22	0	147	0	0	0	9	103270425	18965
1775691550	0.01%	107.8MiB / 3.884GiB	976MB / 862MB	3.49GB / 2.82GB	27	105815	69	22	0	151	0	0	0	9	103274509	18972
1775691556	1.63%	107.5MiB / 3.884GiB	976MB / 862MB	3.49GB / 2.82GB	27	105815	69	22	0	134	0	0	0	9	103277236	18975
1775691561	0.03%	107.5MiB / 3.884GiB	976MB / 862MB	3.49GB / 2.82GB	27	105815	69	22	0	124	0	0	0	9	103281259	18975
1775691565	0.01%	107.5MiB / 3.884GiB	976MB / 862MB	3.49GB / 2.82GB	27	105815	69	22	0	128	0	0	0	9	103285853	18989
1775691570	0.00%	107.5MiB / 3.884GiB	976MB / 862MB	3.49GB / 2.82GB	27	105815	69	22	0	144	0	0	0	9	103290419	18995
1775691575	0.00%	107.5MiB / 3.884GiB	976MB / 862MB	3.49GB / 2.82GB	27	105815	69	22	0	145	0	0	0	9	103294845	19002
1775691581	0.02%	107.9MiB / 3.884GiB	976MB / 862MB	3.49GB / 2.82GB	27	105815	69	22	0	144	0	0	0	9	103299529	19008
1775691587	0.00%	107.5MiB / 3.884GiB	976MB / 862MB	3.49GB / 2.82GB	27	105815	69	22	0	143	0	0	0	9	103304216	19017
1775691594	3.14%	110.7MiB / 3.884GiB	976MB / 862MB	3.5GB / 2.82GB	27	105815	69	22	0	144	0	0	0	9	103309105	19028
1775691601	0.38%	118.5MiB / 3.884GiB	976MB / 862MB	3.5GB / 2.82GB	27	105815	69	22	0	145	0	0	0	9	103313493	19033
1775691605	0.00%	117.3MiB / 3.884GiB	976MB / 862MB	3.5GB / 2.82GB	27	105815	69	22	0	149	0	0	0	9	103317729	19034
1775691611	0.00%	118.1MiB / 3.884GiB	976MB / 862MB	3.5GB / 2.82GB	27	105815	69	22	0	143	0	0	0	9	103322067	19038
1775691615	0.00%	117.3MiB / 3.884GiB	976MB / 862MB	3.5GB / 2.82GB	27	105815	69	22	0	148	0	0	0	9	103326601	19046
1775691621	0.00%	117.9MiB / 3.884GiB	976MB / 862MB	3.5GB / 2.82GB	27	105815	69	22	0	145	0	0	0	9	103330936	19061
1775691626	0.76%	117.3MiB / 3.884GiB	976MB / 862MB	3.5GB / 2.82GB	27	105815	69	22	0	137	0	0	0	9	103335801	19072
1775691631	0.00%	117.3MiB / 3.884GiB	976MB / 862MB	3.5GB / 2.82GB	27	105815	69	22	0	141	0	0	0	9	103340573	19077
1775691637	1.67%	107.6MiB / 3.884GiB	976MB / 862MB	3.5GB / 2.82GB	27	105815	69	22	0	143	0	0	0	9	103345517	19077
1775691642	0.02%	107.6MiB / 3.884GiB	976MB / 862MB	3.5GB / 2.82GB	27	105815	69	22	0	139	0	0	0	9	103350391	19080
1775691648	0.00%	107.6MiB / 3.884GiB	976MB / 862MB	3.5GB / 2.82GB	27	105815	69	22	0	138	0	0	0	9	103355768	19083
1775691655	0.01%	107.6MiB / 3.884GiB	976MB / 862MB	3.5GB / 2.82GB	27	105815	69	22	0	138	0	0	0	9	103360986	19083
1775691661	0.00%	107.6MiB / 3.884GiB	976MB / 862MB	3.5GB / 2.82GB	27	105815	69	22	0	142	0	0	0	9	103366523	19088
1775691666	0.14%	107.6MiB / 3.884GiB	976MB / 862MB	3.5GB / 2.82GB	27	105815	69	22	0	137	0	0	0	9	103370734	19091
1775691671	0.00%	107.6MiB / 3.884GiB	976MB / 862MB	3.5GB / 2.82GB	27	105815	69	22	0	132	0	0	0	9	103374091	19092
1775691674	0.33%	107.6MiB / 3.884GiB	976MB / 862MB	3.5GB / 2.82GB	27	105815	69	22	0	134	0	0	0	9	103379101	19099
1775691678	0.00%	107.6MiB / 3.884GiB	976MB / 862MB	3.5GB / 2.82GB	27	105815	69	22	0	133	0	0	0	9	103383662	19100
1775691682	0.00%	107.2MiB / 3.884GiB	976MB / 862MB	3.5GB / 2.82GB	27	105815	69	22	0	132	0	0	0	9	103388193	19108
1775691686	0.18%	107.2MiB / 3.884GiB	976MB / 862MB	3.5GB / 2.82GB	27	105815	69	22	0	129	0	0	0	9	103392855	19112
1775691691	1.42%	113.9MiB / 3.884GiB	976MB / 862MB	3.51GB / 2.82GB	27	105815	69	22	0	147	0	0	0	9	103397160	19113
1775691695	0.00%	113.9MiB / 3.884GiB	976MB / 862MB	3.51GB / 2.82GB	27	105815	69	22	0	140	0	0	0	9	103402981	19125
1775691701	0.00%	113.9MiB / 3.884GiB	976MB / 862MB	3.51GB / 2.82GB	27	105815	69	22	0	137	0	0	0	9	103408221	19131
1775691706	0.79%	113.9MiB / 3.884GiB	976MB / 862MB	3.51GB / 2.82GB	27	105815	69	22	0	140	0	0	0	9	103412242	19131
1775691711	0.00%	113.9MiB / 3.884GiB	976MB / 862MB	3.51GB / 2.82GB	27	105815	69	22	0	133	0	0	0	9	103417050	19131
1775691716	0.00%	114MiB / 3.884GiB	976MB / 862MB	3.51GB / 2.82GB	27	105815	69	22	0	135	0	0	0	9	103421443	19133
1775691721	0.00%	114MiB / 3.884GiB	976MB / 862MB	3.51GB / 2.82GB	27	105815	69	22	0	129	0	0	0	9	103425642	19133
1775691725	0.00%	107.2MiB / 3.884GiB	976MB / 862MB	3.51GB / 2.82GB	27	105815	69	22	0	135	0	0	0	9	103430261	19138
1775691730	2.21%	108.1MiB / 3.884GiB	976MB / 862MB	3.51GB / 2.82GB	27	105815	69	22	0	137	0	0	0	9	103435037	19138
1775691736	0.64%	107.2MiB / 3.884GiB	976MB / 862MB	3.51GB / 2.82GB	27	105815	69	22	0	146	0	0	0	9	103439919	19146
1775691742	0.00%	107.2MiB / 3.884GiB	976MB / 862MB	3.51GB / 2.82GB	27	105815	69	22	0	140	0	0	0	9	103445161	19152
1775691748	0.00%	107.2MiB / 3.884GiB	976MB / 862MB	3.51GB / 2.82GB	27	105815	69	22	0	144	0	0	0	9	103449392	19155
1775691753	0.74%	107.2MiB / 3.884GiB	976MB / 862MB	3.51GB / 2.82GB	27	105815	69	22	0	143	0	0	0	9	103454897	19160
1775691759	0.00%	107.2MiB / 3.884GiB	976MB / 862MB	3.51GB / 2.82GB	27	105815	69	22	0	145	0	0	0	9	103459346	19161
1775691764	1.42%	107.2MiB / 3.884GiB	976MB / 862MB	3.51GB / 2.82GB	27	105815	69	22	0	139	0	0	0	9	103464431	19169
1775691769	0.00%	107.2MiB / 3.884GiB	976MB / 862MB	3.51GB / 2.82GB	27	105815	69	22	0	146	0	0	0	9	103469199	19181
1775691775	0.03%	107.2MiB / 3.884GiB	976MB / 862MB	3.51GB / 2.82GB	27	105815	69	22	0	145	0	0	0	9	103474265	19188
1775691781	4.47%	114.5MiB / 3.884GiB	976MB / 862MB	3.52GB / 2.82GB	27	105815	69	22	0	138	0	0	0	9	103476919	19191
1775691785	0.01%	114MiB / 3.884GiB	976MB / 862MB	3.52GB / 2.82GB	27	105815	69	22	0	128	0	0	0	9	103480672	19191
1775691788	0.00%	114MiB / 3.884GiB	976MB / 862MB	3.52GB / 2.82GB	27	105815	69	22	0	129	0	0	0	9	103485482	19192
1775691793	0.00%	114MiB / 3.884GiB	976MB / 862MB	3.52GB / 2.82GB	27	105815	69	22	0	140	0	0	0	9	103490099	19192
1775691797	0.00%	114MiB / 3.884GiB	976MB / 862MB	3.52GB / 2.82GB	27	105815	69	22	0	142	0	0	0	9	103494928	19192
1775691802	0.00%	114MiB / 3.884GiB	976MB / 862MB	3.52GB / 2.82GB	27	105815	69	22	0	145	0	0	0	9	103499630	19195
1775691808	0.00%	114MiB / 3.884GiB	976MB / 862MB	3.52GB / 2.82GB	27	105815	69	22	0	144	0	0	0	9	103504037	19195
1775691813	0.00%	114MiB / 3.884GiB	976MB / 862MB	3.52GB / 2.82GB	27	105815	69	22	0	143	0	0	0	9	103508804	19195
1775691818	0.00%	107.2MiB / 3.884GiB	976MB / 862MB	3.52GB / 2.82GB	27	105815	69	22	0	146	0	0	0	9	103513602	19199
1775691823	0.00%	107.2MiB / 3.884GiB	976MB / 862MB	3.52GB / 2.82GB	27	105815	69	22	0	144	0	0	0	9	103518469	19199
1775691829	0.00%	107.2MiB / 3.884GiB	976MB / 862MB	3.52GB / 2.82GB	27	105815	69	22	0	136	0	0	0	9	103523077	19199
1775691835	0.02%	107.2MiB / 3.884GiB	976MB / 862MB	3.52GB / 2.82GB	27	105815	69	22	0	136	0	0	0	9	103527782	19202
1775691840	1.35%	107.4MiB / 3.884GiB	976MB / 863MB	3.52GB / 2.82GB	27	105815	69	22	0	136	0	0	0	9	103532109	19206
1775691845	0.01%	107.2MiB / 3.884GiB	976MB / 863MB	3.52GB / 2.82GB	27	105815	69	22	0	144	0	0	0	9	103536823	19211
1775691850	3.73%	107.9MiB / 3.884GiB	976MB / 863MB	3.52GB / 2.82GB	27	105815	69	22	0	140	0	0	0	9	103542259	19214
1775691857	0.07%	107.2MiB / 3.884GiB	976MB / 863MB	3.52GB / 2.82GB	27	105815	69	22	0	146	0	0	0	9	103547529	19231
1775691863	0.00%	114MiB / 3.884GiB	976MB / 863MB	3.53GB / 2.82GB	27	105815	69	22	0	149	0	0	0	9	103551842	19233
1775691868	0.00%	114MiB / 3.884GiB	976MB / 863MB	3.53GB / 2.82GB	27	105815	69	22	0	145	0	0	0	9	103556464	19240
1775691874	1.22%	114MiB / 3.884GiB	976MB / 863MB	3.53GB / 2.82GB	27	105815	69	22	0	147	0	0	0	9	103561229	19240
1775691881	3.77%	114.4MiB / 3.884GiB	976MB / 863MB	3.53GB / 2.82GB	27	105815	69	22	0	148	0	0	0	9	103566054	19240
1775691887	0.00%	114MiB / 3.884GiB	976MB / 863MB	3.53GB / 2.82GB	27	105815	69	22	0	147	0	0	0	9	103570541	19250
1775691892	0.00%	114.9MiB / 3.884GiB	976MB / 863MB	3.53GB / 2.82GB	27	105815	69	22	0	143	0	0	0	9	103575183	19259
1775691898	0.01%	114MiB / 3.884GiB	976MB / 863MB	3.53GB / 2.82GB	27	105815	69	22	0	140	0	0	0	9	103579358	19265
1775691903	0.00%	114MiB / 3.884GiB	976MB / 863MB	3.53GB / 2.82GB	27	105815	69	22	0	146	0	0	0	9	103584113	19268
1775691908	0.02%	107.2MiB / 3.884GiB	976MB / 863MB	3.53GB / 2.82GB	27	105815	69	22	0	148	0	0	0	9	103588651	19268
1775691913	0.39%	107.2MiB / 3.884GiB	976MB / 863MB	3.53GB / 2.82GB	27	105815	69	22	0	145	0	0	0	9	103593023	19268
1775691919	0.00%	107.2MiB / 3.884GiB	976MB / 863MB	3.53GB / 2.82GB	27	105815	69	22	0	144	0	0	0	9	103597726	19275
1775691923	0.13%	107.2MiB / 3.884GiB	976MB / 863MB	3.53GB / 2.82GB	27	105815	69	22	0	143	0	0	0	9	103602524	19282
1775691929	0.00%	107.2MiB / 3.884GiB	976MB / 863MB	3.53GB / 2.82GB	27	105815	69	22	0	140	0	0	0	9	103607763	19284
1775691935	0.01%	107.2MiB / 3.884GiB	976MB / 863MB	3.53GB / 2.82GB	27	105815	69	22	0	144	0	0	0	9	103612465	19284
1775691941	5.35%	108MiB / 3.884GiB	976MB / 863MB	3.53GB / 2.82GB	27	105815	69	22	0	146	0	0	0	9	103617027	19289
1775691947	0.00%	107.2MiB / 3.884GiB	976MB / 863MB	3.53GB / 2.82GB	27	105815	69	22	0	139	0	0	0	9	103621878	19292
1775691953	0.57%	114MiB / 3.884GiB	976MB / 863MB	3.53GB / 2.82GB	27	105815	69	22	0	138	0	0	0	9	103626607	19299
1775691958	0.00%	114MiB / 3.884GiB	976MB / 863MB	3.53GB / 2.82GB	27	105815	69	22	0	138	0	0	0	9	103631083	19300
1775691962	0.00%	114MiB / 3.884GiB	976MB / 863MB	3.53GB / 2.82GB	27	105815	69	22	0	140	0	0	0	9	103635632	19307
1775691967	0.00%	114MiB / 3.884GiB	976MB / 863MB	3.53GB / 2.82GB	27	105815	69	22	0	140	0	0	0	9	103639792	19315
1775691971	1.66%	115.1MiB / 3.884GiB	976MB / 863MB	3.53GB / 2.82GB	27	105815	69	22	0	135	0	0	0	9	103643954	19321
1775691975	0.00%	114MiB / 3.884GiB	976MB / 863MB	3.53GB / 2.82GB	27	105815	69	22	0	137	0	0	0	9	103648711	19321
1775691979	0.00%	117.8MiB / 3.884GiB	976MB / 863MB	3.54GB / 2.82GB	27	105815	69	22	0	137	0	0	0	9	103653046	19327
1775691983	0.00%	117.8MiB / 3.884GiB	976MB / 863MB	3.54GB / 2.82GB	27	105815	69	22	0	137	0	0	0	9	103657508	19327
1775691987	0.00%	117.9MiB / 3.884GiB	976MB / 863MB	3.54GB / 2.82GB	27	105815	69	22	0	138	0	0	0	9	103661863	19331
1775691991	0.00%	117.9MiB / 3.884GiB	976MB / 863MB	3.54GB / 2.82GB	27	105815	69	22	0	131	0	0	0	9	103666664	19331
1775691996	1.21%	107.3MiB / 3.884GiB	976MB / 863MB	3.54GB / 2.82GB	27	105815	69	22	0	130	0	0	0	9	103671137	19338
1775692001	2.89%	107.3MiB / 3.884GiB	976MB / 863MB	3.54GB / 2.82GB	27	105815	69	22	0	131	0	0	0	9	103675911	19344
1775692006	2.04%	107.3MiB / 3.884GiB	976MB / 863MB	3.54GB / 2.82GB	27	105815	69	22	0	133	0	0	0	9	103680109	19346
1775692010	0.03%	107.3MiB / 3.884GiB	976MB / 863MB	3.54GB / 2.82GB	27	105815	69	22	0	135	0	0	0	9	103684715	19349
1775692015	0.01%	107.3MiB / 3.884GiB	976MB / 863MB	3.54GB / 2.82GB	27	105815	69	22	0	151	0	0	0	9	103689665	19350
1775692021	0.51%	108.5MiB / 3.884GiB	976MB / 863MB	3.54GB / 2.82GB	33	105815	69	22	0	140	0	0	0	9	103694193	19350
1775692026	1.51%	107.3MiB / 3.884GiB	976MB / 863MB	3.54GB / 2.82GB	27	105815	69	22	0	135	0	0	0	9	103698936	19350
1775692032	2.38%	108.1MiB / 3.884GiB	976MB / 863MB	3.54GB / 2.82GB	27	105815	69	22	0	147	0	0	0	9	103703614	19356
1775692037	1.23%	107.3MiB / 3.884GiB	976MB / 863MB	3.54GB / 2.82GB	27	105815	69	22	0	135	0	0	0	9	103707755	19360
1775692042	3.86%	115MiB / 3.884GiB	976MB / 863MB	3.55GB / 2.82GB	27	105815	69	22	0	139	0	0	0	9	103712405	19369
1775692047	0.17%	114.7MiB / 3.884GiB	976MB / 863MB	3.55GB / 2.82GB	27	105815	69	22	0	142	0	0	0	9	103717390	19370
1775692052	1.42%	115.5MiB / 3.884GiB	976MB / 863MB	3.55GB / 2.82GB	27	105815	69	22	0	149	0	0	0	9	103722027	19372
1775692058	0.00%	114.7MiB / 3.884GiB	976MB / 863MB	3.55GB / 2.82GB	27	105815	69	22	0	143	0	0	0	9	103726728	19376
1775692064	0.01%	114.7MiB / 3.884GiB	976MB / 863MB	3.55GB / 2.82GB	27	105815	69	22	0	148	0	0	0	9	103731459	19377
1775692071	0.00%	114.7MiB / 3.884GiB	976MB / 863MB	3.55GB / 2.82GB	27	105815	69	22	0	144	0	0	0	9	103735254	19379
1775692076	0.66%	114.7MiB / 3.884GiB	976MB / 863MB	3.55GB / 2.82GB	27	105815	69	22	0	140	0	0	0	9	103739017	19379
1775692080	1.13%	115.1MiB / 3.884GiB	976MB / 863MB	3.55GB / 2.82GB	27	105815	69	22	0	139	0	0	0	9	103743128	19384
1775692084	0.15%	114.7MiB / 3.884GiB	976MB / 863MB	3.55GB / 2.82GB	27	105815	69	22	0	136	0	0	0	9	103747386	19398
1775692088	0.00%	107.3MiB / 3.884GiB	976MB / 863MB	3.55GB / 2.82GB	27	105815	69	22	0	129	0	0	0	9	103752182	19404
